<beans xmlns="http://www.springframework.org/schema/beans"
	xmlns:xsi="http://www.w3.org/2001/XMLSchema-instance" xmlns:context="http://www.springframework.org/schema/context"
	xsi:schemaLocation="http://www.springframework.org/schema/beans
     http://www.springframework.org/schema/beans/spring-beans-3.0.xsd
     http://www.springframework.org/schema/context
     http://www.springframework.org/schema/context/spring-context-3.0.xsd">
	<bean id="daoImpl" class="com.cg.dao.EmployeeDaoImpl">
		<property name="empList">
		<map>
			<entry key="12345" value-ref="empMap1"/>
			<entry key="12346" value-ref="empMap2"/>		
			</map>	
		</property>	
	</bean>
	<!--  <bean id="serviceImpl" class="com.cg.service.EmployeeServiceImpl">
		<property name="daoImpl" ref="daoImpl"></property>
	</bean> -->
	<bean id="empMap1" class="com.cg.bean.Employee">
		<property name="employeeId" value="12345"></property>
		<property name="employeeName" value="Harriet"></property>
		<property name="salary" value="40000.0"></property>
	</bean>	
	<bean id="empMap2" class="com.cg.bean.Employee">
		<property name="employeeId" value="12346"></property>
		<property name="employeeName" value="Abcde"></property>
		<property name="salary" value="30000.0"></property>
	</bean>
	
		
</beans>